{
  "model_a_name": "ALS",
  "model_b_name": "SASRec",
  "n_users_a": 500,
  "n_users_b": 500,
  "metric_name": "Recall@10",
  "metric_a": 0.0528984126984127,
  "metric_b": 0.07002460317460318,
  "absolute_lift": 0.017126190476190482,
  "relative_lift_pct": 32.37562263698015,
  "p_value": 0.038157719640430805,
  "t_statistic": 2.075911547862836,
  "significant": true,
  "confidence_level": 0.95,
  "ci_lower": 0.0009531256510915236,
  "ci_upper": 0.03329925530128944
}